type,name,module,path,hash
"yaml","manifest","_config","_config/manifest.yaml","44471229bf5cc95c576a2a10cfba4bde55f5e6a087aa6f2596ac9e6229306e56"
"toml","config","config.toml","config.toml","f78ba5e7962c9e5efaae73309fb395dfa0ab63c54c2cff0316e9f8071c4e8f8f"
"toml","config.user","config.user.toml","config.user.toml","be2f05cd05304bf6d9e8500e6d19549117330f47f0909e867e12c8ef124530af"
"csv","brain-methods","core","core/bmad-brainstorming/assets/brain-methods.csv","fff112eabca1a9cb8b190f8314bc47678becc5782a2372e11c83daa0e33b6dfd"
"csv","method-matrix","core","core/bmad-brainstorming/analysis/method-matrix.csv","d6c47ab85b9a134d34c35f9c715c553d6c410015f6cf4d107e6870fff6220c64"
"csv","methods","core","core/bmad-advanced-elicitation/methods.csv","d110ff5f076fb9421552b83692fde2c2d367734049169c7a55f7267a3dc7ef89"
"csv","module-help","core","core/module-help.csv","e801caeb1bf6484277867067c60be3c2aeec39beaa75254e64ddf8ce8f3b617d"
"html","brain-selector","core","core/bmad-brainstorming/assets/brain-selector.html","798f27c743b853424aa00d4e41af5c3b515b7a329d6806b5d0a5ebe15e0fbf4e"
"json","brain-icons","core","core/bmad-brainstorming/assets/brain-icons.json","a101c56e89f1d0f9e4131dfdfc19e10c746e3a61c3f92537d04a6f4897b7d331"
"md","catalog-analysis","core","core/bmad-brainstorming/analysis/catalog-analysis.md","d4e742da964674549c7f0c64db82c4e1938f8521e5cf0034c103fd08022e515c"
"md","converge","core","core/bmad-brainstorming/references/converge.md","1528c32ddc64f8061fec663306f7208d2fd4d4a90e660552b8138bda7e452dc0"
"md","create-party","core","core/bmad-party-mode/references/create-party.md","2f810332c36c17d14eb55717aed48f3020acf0713bb9f932479be9fbc3856e9e"
"md","finalize","core","core/bmad-brainstorming/references/finalize.md","b6074e7fb4d86ffcf899abc50b9049b4a1f6fe550917f4be7a1c7a888477e07e"
"md","headless","core","core/bmad-brainstorming/references/headless.md","b8ea5951199cff7e4813e06aef35683ca0658230fa015e358cacc466b1138a42"
"md","in-chat-techniques","core","core/bmad-brainstorming/references/in-chat-techniques.md","18239464e3e4f00ea9063d015d26d6b0a696b72e7e3c5be92352da6db9a3f244"
"md","mode-agent-team","core","core/bmad-party-mode/references/mode-agent-team.md","def759a17f4bb45463b68fb74c2b828b0a4241720b2b6cc1c9c611a1016ae9d7"
"md","mode-auto","core","core/bmad-party-mode/references/mode-auto.md","a37fd24f76dfcde385890d5c5947bb6f40ca44bea86c805d267b6ae3aab39f70"
"md","mode-autonomous","core","core/bmad-brainstorming/references/mode-autonomous.md","79fba5391ef293cebdbbdc765c7edeb3ccf60c04317fef964a4ea64d6b13f260"
"md","mode-facilitator","core","core/bmad-brainstorming/references/mode-facilitator.md","1b908498d285d190859aed00c3ba5b399d7f6aa8e94d54e95456d15cd6fe6073"
"md","mode-partner","core","core/bmad-brainstorming/references/mode-partner.md","caa0ed378c116def4de382f4e5a95173c6ae6cc5464f1792e7d8196360f79c8a"
"md","mode-subagent","core","core/bmad-party-mode/references/mode-subagent.md","86161b24a0b13b8f9cb9309042e4249d8caefff8cc33728b084cd2ec22f9d2e1"
"md","party-memory","core","core/bmad-party-mode/references/party-memory.md","800b4b4b920bb881a7b32aaabca8559a98273799b2476d83a23e290e301fb315"
"md","resume","core","core/bmad-brainstorming/references/resume.md","0f79535d72eefe6c55bd5ae47fe4753de8d27235cf129f10b2c596a124c26526"
"md","SKILL","core","core/bmad-advanced-elicitation/SKILL.md","705cc827cab892855d07dcc926f5c9f749c3abab33e915d6ac1574aec174896b"
"md","SKILL","core","core/bmad-brainstorming/SKILL.md","399ddc752fc786b501ba07fb4b4b038b3d2bb076d36496b6384ef85cf922dd59"
"md","SKILL","core","core/bmad-forge-idea/SKILL.md","c62ac3a30a4c7a32e3ffd28881d0e9128fc22de1570884d6572c8bfbb7d7db0e"
"md","SKILL","core","core/bmad-party-mode/SKILL.md","783fef00cf5a889c80d7bb4ca78ca2a6e4c4390cde290d2e253855cf723cb10a"
"py","brain","core","core/bmad-brainstorming/scripts/brain.py","b84770d5d55fa17bd99a2ab9076130874dfb7f8cd9b4283cd6413df097bc72b6"
"py","resolve_party","core","core/bmad-party-mode/scripts/resolve_party.py","663a1ffa8406564c2a08f210f144b08d323596b105b755ae795ca725384e32ac"
"py","resolve_personas","core","core/bmad-forge-idea/scripts/resolve_personas.py","3da694c23e5fb29fe25963e2ea0509e1dd6d8c9f70ac54b00d98044052fd1c6e"
"py","test_brain","core","core/bmad-brainstorming/scripts/tests/test_brain.py","5f150395d5aa95526eb1ded5b7a8bd624a577dd25ff060ac082db3cbb5cc0f77"
"py","test_resolve_personas","core","core/bmad-forge-idea/scripts/tests/test_resolve_personas.py","1c4fa4b1d68bfbd10e4b38cad3c8286dad62345cebd08fe94a6862351b02855e"
"py","test-resolve_party","core","core/bmad-party-mode/scripts/tests/test-resolve_party.py","bb53fe03ec3013ed96c0fb399c1948f28bcf55cb2d7727fe0189343fcaa667d5"
"toml","customize","core","core/bmad-brainstorming/customize.toml","21fcbc60c78db99ca0424da192ba0942dce2189f350f77838e4d3ecd501edd1c"
"toml","customize","core","core/bmad-forge-idea/customize.toml","ef5fadd1df3550cae00b1b442606bf84d187bfd55397563f143e1057430df45c"
"toml","customize","core","core/bmad-party-mode/customize.toml","fee7fe153c853f949dca6ad20a7c78270fc91e3e88486aefbc9956cfb4c14a84"
"yaml","config","core","core/config.yaml","7164bfc75d3f54ff4d3283825de3ca5ca1c308369bbb60b4805cff6320d9912d"
"file",".gitignore","custom","custom/.gitignore","973b03a33f142c22cf9b65be285bebadd85790b6b55be04637d2f8c716f58fab"
"py","memlog","scripts","scripts/memlog.py","3b00f82ca33dc4227f715123b939514ee35c4f9c71150c894c3d8185df1b48df"
"py","resolve_config","scripts","scripts/resolve_config.py","f41149160898aea80a12861d149b10dc6b2d2b69d7d97eb65cad01f368adac03"
"py","resolve_customization","scripts","scripts/resolve_customization.py","23fb9040b08c7eb975aeabc4245ef50e158516f5082eebc9ae41700641338498"
